{
  "status": "OK",
  "copyright": "Copyright (c) 2018 The New York Times Company. All Rights Reserved.",
  "response": {
    "docs": [
      {
        "web_url": "https://www.nytimes.com/reuters/2018/02/16/business/16reuters-crypto-currencies-swiss.html",
        "snippet": "Many digital currency issues, known as initial coin offerings (ICOs), will be treated as securities under regulatory guidelines published on Friday by Switzerland, which has become a global leader in the hot fundraising method.",
        "blog": {},
        "source": "Reuters",
        "multimedia": [],
        "headline": {
          "main": "Swiss Watchdog to Treat Some Cryptocurrency Offerings as Securities",
          "kicker": null,
          "content_kicker": null,
          "print_headline": "Swiss Watchdog to Treat Some Cryptocurrency Offerings as Securities",
          "name": null,
          "seo": null,
          "sub": null
        },
        "keywords": [],
        "pub_date": "2018-02-16T10:30:37+0000",
        "document_type": "article",
        "new_desk": "None",
        "byline": {
          "original": "By REUTERS",
          "person": [],
          "organization": "REUTERS"
        },
        "type_of_material": "News",
        "_id": "5a86b2d610f40f00018c161b",
        "word_count": 416,
        "score": 3.5872254,
        "uri": "nyt://article/eb37d2f2-ac3b-54e0-900c-8e1dd1e6a786"
      },
      {
        "web_url": "https://www.nytimes.com/reuters/2018/02/16/technology/16reuters-crypto-currency-venezuela.html",
        "snippet": "Venezuela's new \"petro\" cryptocurrency will attract investments from Turkey, Qatar, the United States and Europe, the country's cryptocurrency regulator said on Friday.",
        "blog": {},
        "source": "Reuters",
        "multimedia": [],
        "headline": {
          "main": "Venezuela Cryptocurrency to Draw Investment From Turkey, Qatar-Official",
          "kicker": null,
          "content_kicker": null,
          "print_headline": "Venezuela Cryptocurrency to Draw Investment From Turkey, Qatar-Official",
          "name": null,
          "seo": null,
          "sub": null
        },
        "keywords": [],
        "pub_date": "2018-02-16T18:51:54+0000",
        "document_type": "article",
        "new_desk": "None",
        "byline": {
          "original": "By REUTERS",
          "person": [],
          "organization": "REUTERS"
        },
        "type_of_material": "News",
        "_id": "5a87285310f40f00018c1781",
        "word_count": 273,
        "score": 3.5035326,
        "uri": "nyt://article/ec8ad74e-b5f2-5510-801c-0b2286ab9bbd"
      },
      {
        "web_url": "https://www.nytimes.com/reuters/2018/02/13/us/13reuters-bitcoin-taxes.html",
        "snippet": "Less than 100 people out of the 250,000 individuals who have already filed federal taxes this year through company Credit Karma reported a cryptocurrency transaction to U.S. tax authorities, the company said on Tuesday.",
        "blog": {},
        "source": "Reuters",
        "multimedia": [],
        "headline": {
          "main": "Few Americans Reporting Cryptocurrency Trading to IRS for Now: Report",
          "kicker": null,
          "content_kicker": null,
          "print_headline": "Few Americans Reporting Cryptocurrency Trading to IRS for Now: Report",
          "name": null,
          "seo": null,
          "sub": null
        },
        "keywords": [],
        "pub_date": "2018-02-13T08:03:41+0000",
        "document_type": "article",
        "new_desk": "None",
        "byline": {
          "original": "By REUTERS",
          "person": [],
          "organization": "REUTERS"
        },
        "type_of_material": "News",
        "_id": "5a829be210f40f00018c0a42",
        "word_count": 327,
        "score": 3.497932,
        "uri": "nyt://article/ad0ae40d-8ccb-587b-812e-5532377f335d"
      },
      {
        "web_url": "https://www.nytimes.com/reuters/2018/02/12/technology/12reuters-crypto-currencies-japan.html",
        "snippet": "A group of cryptocurrency traders will file a lawsuit against Coincheck Inc on Thursday over last month's theft of $530 million in digital money from the Tokyo-based exchange, a lawyer representing the claimants said. ",
        "blog": {},
        "source": "Reuters",
        "multimedia": [],
        "headline": {
          "main": "Cryptocurrency Traders to Launch Lawsuit Against Coincheck on Thursday: Lawyer",
          "kicker": null,
          "content_kicker": null,
          "print_headline": "Cryptocurrency Traders to Launch Lawsuit Against Coincheck on Thursday: Lawyer",
          "name": null,
          "seo": null,
          "sub": null
        },
        "keywords": [],
        "pub_date": "2018-02-13T01:01:36+0000",
        "document_type": "article",
        "new_desk": "None",
        "byline": {
          "original": "By REUTERS",
          "person": [],
          "organization": "REUTERS"
        },
        "type_of_material": "News",
        "_id": "5a82392b10f40f00018c0987",
        "word_count": 249,
        "score": 3.4977095,
        "uri": "nyt://article/5911172e-cded-5374-b988-6a036b39b2fb"
      },
      {
        "web_url": "https://www.nytimes.com/reuters/2018/02/14/technology/14reuters-crypto-currencies.html",
        "snippet": "A group of academics and technology experts will soon launch a blockchain-powered network that will reward quality research with its own cryptocurrency called Mosaic.",
        "blog": {},
        "source": "Reuters",
        "multimedia": [],
        "headline": {
          "main": "Mosaic Network Will Reward Researchers With Its Own Cryptocurrency",
          "kicker": null,
          "content_kicker": null,
          "print_headline": "Mosaic Network Will Reward Researchers With Its Own Cryptocurrency",
          "name": null,
          "seo": null,
          "sub": null
        },
        "keywords": [],
        "pub_date": "2018-02-14T19:58:07+0000",
        "document_type": "article",
        "new_desk": "None",
        "byline": {
          "original": "By REUTERS",
          "person": [],
          "organization": "REUTERS"
        },
        "type_of_material": "News",
        "_id": "5a8494d610f40f00018c1059",
        "word_count": 333,
        "score": 3.365729,
        "uri": "nyt://article/450016dc-bf59-5759-b4b2-e87b7b9e9cd0"
      },
      {
        "web_url": "https://www.nytimes.com/reuters/2018/02/15/business/15reuters-crypto-currencies-regulation.html",
        "snippet": "The U.S. derivatives regulator warned investors on Thursday about cryptocurrency \"pump-and-dump\" scams that aim to rip off investors by inflating the price of volatile virtual tokens through spreading bogus information.",
        "blog": {},
        "source": "Reuters",
        "multimedia": [],
        "headline": {
          "main": "U.S. Regulator Warns of Cryptocurrency 'Pump-And-Dump' Schemes",
          "kicker": null,
          "content_kicker": null,
          "print_headline": "U.S. Regulator Warns of Cryptocurrency 'Pump-And-Dump' Schemes",
          "name": null,
          "seo": null,
          "sub": null
        },
        "keywords": [],
        "pub_date": "2018-02-15T20:24:32+0000",
        "document_type": "article",
        "new_desk": "None",
        "byline": {
          "original": "By REUTERS",
          "person": [],
          "organization": "REUTERS"
        },
        "type_of_material": "News",
        "_id": "5a85ec8e10f40f00018c1428",
        "word_count": 392,
        "score": 3.2613697,
        "uri": "nyt://article/ce2ea59f-e1d1-50bf-b32f-84725d544427"
      },
      {
        "web_url": "https://www.nytimes.com/reuters/2018/02/12/business/12reuters-japan-economy-boj-kuroda.html",
        "snippet": "Bank of Japan Governor Haruhiko Kuroda said on Tuesday cryptocurrencies likely won't threaten legal tenders like the yen any time soon as they are mostly used for speculative trading, rather than as payments and settlement means.",
        "blog": {},
        "source": "Reuters",
        "multimedia": [],
        "headline": {
          "main": "BOJ Kuroda Says Cryptocurrency Won't Threaten Yen, Largely Speculative",
          "kicker": null,
          "content_kicker": null,
          "print_headline": "BOJ Kuroda Says Cryptocurrency Won't Threaten Yen, Largely Speculative",
          "name": null,
          "seo": null,
          "sub": null
        },
        "keywords": [],
        "pub_date": "2018-02-13T03:21:48+0000",
        "document_type": "article",
        "new_desk": "None",
        "byline": {
          "original": "By REUTERS",
          "person": [],
          "organization": "REUTERS"
        },
        "type_of_material": "News",
        "_id": "5a8259d210f40f00018c09c0",
        "word_count": 189,
        "score": 3.2574992,
        "uri": "nyt://article/f60e10b1-5daf-5f59-9536-05d8359f1b4d"
      },
      {
        "web_url": "https://www.nytimes.com/reuters/2018/02/12/business/12reuters-crypto-currency-puertorico.html",
        "snippet": "Puerto Rico&#8217;s annual investment summit, a two-day conference to woo investors to the bankrupt U.S. territory and the first since Hurricane Maria devastated the island, sported some new faces, particularly from the fast-growing cryptocurrency...",
        "blog": {},
        "source": "Reuters",
        "multimedia": [],
        "headline": {
          "main": "Cryptocurrency Investors Flock to Puerto Rico Investment Summit",
          "kicker": null,
          "content_kicker": null,
          "print_headline": "Cryptocurrency Investors Flock to Puerto Rico Investment Summit",
          "name": null,
          "seo": null,
          "sub": null
        },
        "keywords": [],
        "pub_date": "2018-02-12T23:07:20+0000",
        "document_type": "article",
        "new_desk": "None",
        "byline": {
          "original": "By REUTERS",
          "person": [],
          "organization": "REUTERS"
        },
        "type_of_material": "News",
        "_id": "5a821e2e10f40f00018c094d",
        "word_count": 360,
        "score": 3.170405,
        "uri": "nyt://article/a75417d4-89e7-5a24-bad5-583ba636ace3"
      },
      {
        "web_url": "https://www.nytimes.com/reuters/2018/02/12/business/12reuters-japan-cryptocurrency-regulation-analysis.html",
        "snippet": "After the Mt. Gox cryptocurrency exchange was stung by a half-billion dollar theft in 2014, Japanese regulators swung into action. ",
        "blog": {},
        "source": "Reuters",
        "multimedia": [],
        "headline": {
          "main": "Coincheck Heist Sheds Light on Japan's Rush to Create Cryptocurrency Rules",
          "kicker": null,
          "content_kicker": null,
          "print_headline": "Coincheck Heist Sheds Light on Japan's Rush to Create Cryptocurrency Rules",
          "name": null,
          "seo": null,
          "sub": null
        },
        "keywords": [],
        "pub_date": "2018-02-12T06:33:53+0000",
        "document_type": "article",
        "new_desk": "None",
        "byline": {
          "original": "By REUTERS",
          "person": [],
          "organization": "REUTERS"
        },
        "type_of_material": "News",
        "_id": "5a81355710f40f00018c06b6",
        "word_count": 968,
        "score": 2.7961636,
        "uri": "nyt://article/5d1d9829-abf6-5038-a109-0388c8390c27"
      },
      {
        "web_url": "https://www.nytimes.com/reuters/2018/02/15/technology/15reuters-crypto-currencies-japan-lawsuit.html",
        "snippet": "Cryptocurrency investors launched a lawsuit against Coincheck Inc on Thursday, seeking to force the Tokyo-based exchange to allow them to withdraw assets worth $183,000 frozen after last month's $530 million heist of digital money.",
        "blog": {},
        "source": "Reuters",
        "multimedia": [],
        "headline": {
          "main": "Coincheck Hit by Lawsuit as Investors Seek Restart of Cryptocurrency Withdrawals",
          "kicker": null,
          "content_kicker": null,
          "print_headline": "Coincheck Hit by Lawsuit as Investors Seek Restart of Cryptocurrency Withdrawals",
          "name": null,
          "seo": null,
          "sub": null
        },
        "keywords": [],
        "pub_date": "2018-02-15T06:29:01+0000",
        "document_type": "article",
        "new_desk": "None",
        "byline": {
          "original": "By REUTERS",
          "person": [],
          "organization": "REUTERS"
        },
        "type_of_material": "News",
        "_id": "5a8528b610f40f00018c119e",
        "word_count": 361,
        "score": 2.6086583,
        "uri": "nyt://article/bf30a46e-e4c5-5da8-b6b3-e8a05d2c981f"
      }
    ],
    "meta": {
      "hits": 24,
      "offset": 0,
      "time": 7
    }
  }
}